[
	{
		"objectId": "467D259F-657A-4BEC-B60C-B8649B3A5542",
		"kind": "group",
		"name": "screen",
		"originalName": "screen",
		"maskFrame": {
			"x": 0,
			"y": 0,
			"width": 750,
			"height": 1334
		},
		"layerFrame": {
			"x": 0,
			"y": 0,
			"width": 750,
			"height": 1334
		},
		"visible": true,
		"metadata": {
			"opacity": 1
		},
		"image": {
			"path": "images/Layer-screen-ndy3rdi1.png",
			"frame": {
				"x": 0,
				"y": 0,
				"width": 750,
				"height": 1334
			}
		},
		"children": [
			{
				"objectId": "EA2E254D-4F05-45F5-B120-33C145CE7923",
				"kind": "group",
				"name": "navBar",
				"originalName": "navBar",
				"maskFrame": null,
				"layerFrame": {
					"x": 0,
					"y": 0,
					"width": 750,
					"height": 129
				},
				"visible": true,
				"metadata": {
					"opacity": 1
				},
				"image": {
					"path": "images/Layer-navBar-rueyrti1.png",
					"frame": {
						"x": 0,
						"y": 0,
						"width": 750,
						"height": 129
					}
				},
				"children": [
					{
						"objectId": "A86820BD-4D5F-44EF-AEBB-21FEEF30391A",
						"kind": "group",
						"name": "statusBar",
						"originalName": "statusBar",
						"maskFrame": null,
						"layerFrame": {
							"x": 13,
							"y": 11,
							"width": 726,
							"height": 20
						},
						"visible": true,
						"metadata": {
							"opacity": 1
						},
						"image": {
							"path": "images/Layer-statusBar-qtg2odiw.png",
							"frame": {
								"x": 13,
								"y": 11,
								"width": 726,
								"height": 20
							}
						},
						"children": []
					}
				]
			},
			{
				"objectId": "3DB23EA6-69DF-47B8-BC26-EC4DC211B748",
				"kind": "group",
				"name": "bottom",
				"originalName": "bottom",
				"maskFrame": null,
				"layerFrame": {
					"x": 0,
					"y": 730,
					"width": 750,
					"height": 604
				},
				"visible": true,
				"metadata": {
					"opacity": 1
				},
				"children": [
					{
						"objectId": "AE79F4CD-2801-4F90-83B5-FC774EF834B5",
						"kind": "group",
						"name": "inputContent",
						"originalName": "inputContent",
						"maskFrame": null,
						"layerFrame": {
							"x": 29,
							"y": 746,
							"width": 610,
							"height": 55
						},
						"visible": true,
						"metadata": {
							"opacity": 1
						},
						"children": [
							{
								"objectId": "F6E09993-54CC-4387-AAC3-04F44E6198D1",
								"kind": "group",
								"name": "iconCamera",
								"originalName": "iconCamera",
								"maskFrame": null,
								"layerFrame": {
									"x": 29,
									"y": 752,
									"width": 50,
									"height": 37
								},
								"visible": true,
								"metadata": {
									"opacity": 1
								},
								"image": {
									"path": "images/Layer-iconCamera-rjzfmdk5.png",
									"frame": {
										"x": 29,
										"y": 752,
										"width": 50,
										"height": 37
									}
								},
								"children": []
							},
							{
								"objectId": "C9DB7F66-C4D9-45B9-B972-D54E045D7D00",
								"kind": "group",
								"name": "inputField",
								"originalName": "inputField",
								"maskFrame": null,
								"layerFrame": {
									"x": 110,
									"y": 746,
									"width": 529,
									"height": 55
								},
								"visible": true,
								"metadata": {
									"opacity": 1
								},
								"image": {
									"path": "images/Layer-inputField-qzleqjdg.png",
									"frame": {
										"x": 110,
										"y": 746,
										"width": 529,
										"height": 55
									}
								},
								"children": [
									{
										"objectId": "DBA4D4A7-41FB-4A18-BBFE-CABD591807BD",
										"kind": "group",
										"name": "indicator",
										"originalName": "indicator",
										"maskFrame": null,
										"layerFrame": {
											"x": 120,
											"y": 751,
											"width": 3,
											"height": 46
										},
										"visible": true,
										"metadata": {
											"opacity": 1
										},
										"image": {
											"path": "images/Layer-indicator-rejbneq0.png",
											"frame": {
												"x": 120,
												"y": 751,
												"width": 3,
												"height": 46
											}
										},
										"children": []
									}
								]
							}
						]
					},
					{
						"objectId": "13D50265-E591-4193-8511-1BCFF2E68F7C",
						"kind": "text",
						"name": "audioMessage",
						"originalName": "audioMessage",
						"maskFrame": null,
						"layerFrame": {
							"x": 139,
							"y": 765,
							"width": 470,
							"height": 25
						},
						"visible": true,
						"metadata": {
							"opacity": 1,
							"string": "Tap and hold to record and send audio.",
							"css": [
								"/* Tap and hold to reco: */",
								"font-family: HelveticaNeue;",
								"font-size: 26px;",
								"color: #8E8E93;",
								"letter-spacing: 0.4px;",
								"text-align: left;"
							]
						},
						"image": {
							"path": "images/Layer-audioMessage-mtnentay.png",
							"frame": {
								"x": 139,
								"y": 765,
								"width": 470,
								"height": 25
							}
						},
						"children": []
					},
					{
						"objectId": "352D3F73-14D5-4204-B813-7850B88749A8",
						"kind": "group",
						"name": "iconMicActive",
						"originalName": "iconMicActive",
						"maskFrame": null,
						"layerFrame": {
							"x": 663,
							"y": 740,
							"width": 64,
							"height": 64
						},
						"visible": true,
						"metadata": {
							"opacity": 1
						},
						"image": {
							"path": "images/Layer-iconMicActive-mzuyrdng.png",
							"frame": {
								"x": 663,
								"y": 740,
								"width": 64,
								"height": 64
							}
						},
						"children": []
					},
					{
						"objectId": "47898979-B3E5-4615-BC86-2373987F692B",
						"kind": "group",
						"name": "iconMic",
						"originalName": "iconMic",
						"maskFrame": null,
						"layerFrame": {
							"x": 669,
							"y": 746,
							"width": 52,
							"height": 52
						},
						"visible": true,
						"metadata": {
							"opacity": 1
						},
						"image": {
							"path": "images/Layer-iconMic-ndc4otg5.png",
							"frame": {
								"x": 669,
								"y": 746,
								"width": 52,
								"height": 52
							}
						},
						"children": []
					},
					{
						"objectId": "5086CB44-DB0F-430B-A1C9-9A850D98647B",
						"kind": "group",
						"name": "inputBackground",
						"originalName": "inputBackground",
						"maskFrame": null,
						"layerFrame": {
							"x": 0,
							"y": 730,
							"width": 750,
							"height": 88
						},
						"visible": true,
						"metadata": {
							"opacity": 1
						},
						"image": {
							"path": "images/Layer-inputBackground-nta4nknc.png",
							"frame": {
								"x": 0,
								"y": 730,
								"width": 750,
								"height": 88
							}
						},
						"children": []
					},
					{
						"objectId": "93C548D4-0097-409C-9BAF-221B3F7D9E16",
						"kind": "group",
						"name": "keyboard",
						"originalName": "keyboard",
						"maskFrame": null,
						"layerFrame": {
							"x": 0,
							"y": 818,
							"width": 750,
							"height": 516
						},
						"visible": true,
						"metadata": {
							"opacity": 1
						},
						"image": {
							"path": "images/Layer-keyboard-otndntq4.jpg",
							"frame": {
								"x": 0,
								"y": 818,
								"width": 750,
								"height": 516
							}
						},
						"children": [
							{
								"objectId": "F5DFA272-6572-4812-83B8-6A733053B905",
								"kind": "group",
								"name": "suggestions",
								"originalName": "suggestions",
								"maskFrame": null,
								"layerFrame": {
									"x": 0,
									"y": 818,
									"width": 750,
									"height": 84
								},
								"visible": true,
								"metadata": {
									"opacity": 1
								},
								"image": {
									"path": "images/Layer-suggestions-rjverkey.png",
									"frame": {
										"x": 0,
										"y": 818,
										"width": 750,
										"height": 84
									}
								},
								"children": [
									{
										"objectId": "A2766267-1473-40B8-A66B-8DC58253E70D",
										"kind": "group",
										"name": "Breaks",
										"originalName": "Breaks",
										"maskFrame": null,
										"layerFrame": {
											"x": 248,
											"y": 818,
											"width": 254,
											"height": 84
										},
										"visible": true,
										"metadata": {
											"opacity": 1
										},
										"image": {
											"path": "images/Layer-Breaks-qti3njyy.png",
											"frame": {
												"x": 248,
												"y": 818,
												"width": 254,
												"height": 84
											}
										},
										"children": []
									},
									{
										"objectId": "EADA3BD3-FD4E-4FC9-A115-002C3708C1AE",
										"kind": "group",
										"name": "Text",
										"originalName": "Text",
										"maskFrame": null,
										"layerFrame": {
											"x": 121,
											"y": 844,
											"width": 531,
											"height": 32
										},
										"visible": true,
										"metadata": {
											"opacity": 1
										},
										"image": {
											"path": "images/Layer-Text-rufeqtnc.png",
											"frame": {
												"x": 121,
												"y": 844,
												"width": 531,
												"height": 32
											}
										},
										"children": []
									}
								]
							}
						]
					}
				]
			},
			{
				"objectId": "C23533A4-2BCE-4E2C-9379-D574A3D8BB98",
				"kind": "group",
				"name": "scroll",
				"originalName": "scroll",
				"maskFrame": {
					"x": 0,
					"y": 0,
					"width": 750,
					"height": 604
				},
				"layerFrame": {
					"x": -2,
					"y": 128,
					"width": 750,
					"height": 604
				},
				"visible": true,
				"metadata": {
					"opacity": 1
				},
				"image": {
					"path": "images/Layer-scroll-qzizntmz.png",
					"frame": {
						"x": -2,
						"y": 128,
						"width": 750,
						"height": 604
					}
				},
				"children": [
					{
						"objectId": "9322C050-D02B-4700-839C-3E2390510B43",
						"kind": "group",
						"name": "messages",
						"originalName": "messages",
						"maskFrame": null,
						"layerFrame": {
							"x": 18,
							"y": 160,
							"width": 710,
							"height": 1063
						},
						"visible": true,
						"metadata": {
							"opacity": 1
						},
						"children": [
							{
								"objectId": "1A1F483E-0126-484C-BCA4-9C4DED336922",
								"kind": "group",
								"name": "info",
								"originalName": "info",
								"maskFrame": null,
								"layerFrame": {
									"x": 268,
									"y": 815.0530679933665,
									"width": 456,
									"height": 195
								},
								"visible": true,
								"metadata": {
									"opacity": 1
								},
								"image": {
									"path": "images/Layer-info-muexrjq4.png",
									"frame": {
										"x": 268,
										"y": 815.0530679933665,
										"width": 456,
										"height": 195
									}
								},
								"children": []
							},
							{
								"objectId": "DE17E57A-CE33-40B8-AECD-1E4968E81E4C",
								"kind": "group",
								"name": "koen",
								"originalName": "koen",
								"maskFrame": null,
								"layerFrame": {
									"x": 18,
									"y": 160.0530679933665,
									"width": 557,
									"height": 1063
								},
								"visible": true,
								"metadata": {
									"opacity": 1
								},
								"image": {
									"path": "images/Layer-koen-reuxn0u1.png",
									"frame": {
										"x": 18,
										"y": 160.0530679933665,
										"width": 557,
										"height": 1063
									}
								},
								"children": [
									{
										"objectId": "9E036794-1284-4F9C-8D04-606DFEADDBE7",
										"kind": "group",
										"name": "Message_1",
										"originalName": "Message 1",
										"maskFrame": null,
										"layerFrame": {
											"x": 18,
											"y": 160.05306799336657,
											"width": 557,
											"height": 194
										},
										"visible": true,
										"metadata": {
											"opacity": 1
										},
										"image": {
											"path": "images/Layer-Message_1-ouuwmzy3.png",
											"frame": {
												"x": 18,
												"y": 160.05306799336657,
												"width": 557,
												"height": 194
											}
										},
										"children": []
									}
								]
							},
							{
								"objectId": "A6FBA228-E1DA-4A68-AD5B-3146D824CA63",
								"kind": "group",
								"name": "ben",
								"originalName": "ben",
								"maskFrame": null,
								"layerFrame": {
									"x": 201,
									"y": 370.05306799336654,
									"width": 527,
									"height": 555
								},
								"visible": true,
								"metadata": {
									"opacity": 1
								},
								"image": {
									"path": "images/Layer-ben-qtzgqkey.png",
									"frame": {
										"x": 201,
										"y": 370.05306799336654,
										"width": 527,
										"height": 555
									}
								},
								"children": []
							}
						]
					}
				]
			}
		]
	}
]